Albedo,Elevation,LST,LandCover,MNDWI,NDBI,NDVI,SAVI,latitude,longitude
15206.0222,289,275.20355245999997,10,-0.06987186931444277,-0.24050563341577355,0.360272404025794,0.5404004640441143,46.53677767759773,-84.57322209596468
11792.537699999999,442,271.18225193,10,-0.06207843810551618,-0.19937135989645927,0.26796849039269727,0.40194487881157154,46.97149980819707,-83.00879383272684
19878.695200000002,109,262.49193608,20,0.2262040489323021,-0.294864234970376,0.07795881156642277,0.11693685059432674,51.191113481951426,-82.25541082158784
11774.9732,285,278.75145722,10,-0.0832044250691417,-0.16952380952380952,0.2974244478111793,0.446127778331506,48.98384607191493,-80.32857614752677
20358.021699999998,463,256.60097860999997,10,0.27700119099855824,-0.33216565580533564,0.050462851990092344,0.07569341399383632,49.53669953971679,-90.45349799880483
7728.719200000001,179,273.98844635,80,0.014601612328811475,0.01217159960093116,0.004192021636240703,0.006287819884385247,48.256573229240665,-88.76845635062752
23002.213200000002,183,260.81027024,10,0.30761308281141264,-0.33251039849724945,0.048811912556764175,0.07321709560570698,52.155227296341224,-85.56985518994777
19797.8627,409,268.2718079,80,0.25481880044310806,-0.29983792544570503,0.05192351659988208,0.07788433769734308,49.05304065397098,-92.64317842128115
11967.6482,520,269.76890066,10,-0.08500309361762887,-0.1846274902535856,0.28710216453581006,0.4306448792430101,48.25369763416696,-85.61977498380908
30672.522200000003,187,271.76160632,90,0.5291076085724005,-0.5145649226165427,-0.011399185118493537,-0.017098647215461265,52.65415849328967,-86.59757989830247
21040.3552,294,262.69359926,20,0.2687033918691364,-0.32748942289079996,0.06189170058396744,0.09283652410498025,51.9216749806082,-88.57186314692979
17071.2977,185,279.87940382,40,-0.16491723859507468,-0.16345143326528394,0.2822547361974625,0.42337646776899107,42.17225270336309,-82.60739449475224
14024.0132,50,267.00030446,10,0.05759283563653208,-0.18416040100250627,0.14535052845922622,0.2180222692674413,50.68978439220506,-81.34611393394958
17287.078700000002,38,267.65314628,10,0.18659953659343914,-0.2870122928915019,0.09968684759916492,0.1495283203507261,50.89225836175649,-80.15220888296444
17953.257200000004,68,270.2713496,90,0.29864638879247785,-0.2159712179464569,-0.08199078635528453,-0.12298454205333723,51.88202648863732,-83.07709935031748
16336.354200000002,251,269.2117634,60,-0.08083094746654237,-0.13470149253731342,0.23356416422797208,0.3503411708461906,44.74430187315918,-79.99273194223383
25534.8562,70,260.67525845,80,0.46721452713897543,-0.4647669773635153,-0.019659566883521967,-0.029489087522613647,50.21701398688766,-82.17310227889148
12408.102199999998,250,266.85674761999996,10,-0.08008118830150383,-0.17346794690765321,0.2814463590455264,0.4221614016151726,49.43483264901535,-83.33068985281088
11023.907700000002,387,269.85264215,10,-0.056206314774644495,-0.1262685674409331,0.2012078424701229,0.3018053458651413,50.80961293230744,-91.58898658693914
13542.5777,276,268.07185373,10,0.03958819048498419,-0.2820238485564893,0.2537252982769968,0.38058152485740315,48.865421933523514,-81.1979229616226
10034.4602,231,262.36888736000003,10,-0.06447989215906538,-0.1522633744855967,0.24054900072236937,0.3608148130312297,50.2678523733083,-80.8889117260801
11252.0962,222,269.74839254,10,-0.03398423773906933,-0.19141085027871554,0.25970198812933215,0.3895448980015357,49.82621968484137,-81.55709330471473
14483.434200000002,485,258.60735635000003,10,-0.07912659429562059,-0.20773356768386922,0.2782936412476947,0.41743376740008986,47.42223996089806,-83.59825205393606
17957.042699999998,358,265.5715721,20,0.20116199589883801,-0.29237243237515703,0.10344560188176907,0.15516639741518579,51.77477472529487,-93.30691021915274
24211.1767,219,268.78280189,80,0.4242760285798509,-0.4521166459610735,0.022047969612350622,0.0330716434749906,53.83316629492725,-90.82584035521708
18390.471700000002,221,271.89149108,20,0.20279794393513859,-0.32734182875027945,0.14944694691464783,0.22416752710376872,54.26706604526352,-91.45060934558404
27865.878200000006,320,272.17518674,30,0.35132350415818264,-0.3947537081120674,0.05230981780502547,0.0784640491835836,53.111441452018234,-90.66245386392079
10583.785199999998,293,267.23272982000003,10,-0.09155854388821769,-0.1432694289837147,0.2565136616974036,0.3847617753007544,48.932403822869105,-80.70131913240175
8392.289200000001,172,278.16355778,80,0.06032639279684862,0.027758970886932972,-0.029252704031465092,-0.04387770778921493,41.8369482382454,-82.71308340599565
10846.2382,144,261.26315789,10,0.006183648900076611,-0.21271891798161957,0.24093419389180917,0.3613932753726047,50.1157179339448,-82.1899415197989
14954.0912,194,268.22224661,10,0.10760355740725903,-0.26321360058212606,0.17907475726656685,0.26860798962706844,54.565645370886806,-91.38003180488028
10767.4337,242,259.96260128,10,-0.06032945126429546,-0.164396304028774,0.23878430682617874,0.35816858355507664,49.72922094641839,-83.50082644447505
17382.6597,115,264.40090025,20,0.17683023802371403,-0.2601604065750814,0.1250602614638573,0.1875877323578204,53.163423805876754,-85.5183749425862
15398.634199999999,316,266.41924106,10,0.1223839524947498,-0.20458125492255186,0.08485296290823112,0.12727756350578534,51.863168964927134,-88.88662980606634
11701.7822,87,256.33950008,10,-0.09686795289401152,-0.19184758529020823,0.29794933655006034,0.4469150198025773,50.51203948911518,-82.15995788806238
8242.9512,73,272.3392517,80,-0.0345719458574015,0.05584232754575317,0.017414114598147973,0.02612034637507111,43.53169081920753,-79.02329676960674
17279.882700000002,84,272.15980565,20,0.1304675445835875,-0.22919350477917202,0.10762704577373958,0.16143825506241133,51.79854590069722,-83.89295985152489
12686.5807,450,264.19752805999997,10,-0.13152858809801635,-0.2018896808282991,0.3516725596549362,0.5274990744168826,47.45339934139392,-82.09344935077421
21698.0852,273,268.53841346,30,0.19660487975615804,-0.28668358626404933,0.10601827632648064,0.15902564445038064,42.974114673711675,-81.10761915378419
20541.5212,25,266.6311583,30,0.22497186207299782,-0.24976653366160115,0.029596558919183558,0.044394320884039724,52.25585675695706,-82.02816225538635
13135.317200000001,422,275.86323032,10,-0.06792933891822983,-0.23900983032151316,0.3227806449378269,0.48416258247752975,47.144969296921566,-81.11637247517336
11417.029199999999,289,278.18919293,10,-0.08983784872595428,-0.17994770944640218,0.2847064647881513,0.4270508880133666,53.147563163606705,-94.32058581553709
24366.365200000004,252,260.19160862,10,0.38472263184706545,-0.40352974813505577,0.028376628323303114,0.04256453717017245,53.346433797456314,-89.6051405236102
17475.5042,332,264.32057678,10,0.13191878672718957,-0.26402147971360385,0.12190859503256898,0.18286047158195756,50.629730599529275,-87.08268457115243
7740.6757,175,273.928631,80,-0.012615589945660808,0.03410676618529937,0.008470556346140815,0.012705404031848212,44.304219145863854,-82.28191693123327
14990.083700000001,221,282.99492905,40,-0.13871915072141255,-0.12109138520885836,0.2505496576418117,0.3758185844182358,43.83400144562533,-81.68017696914991
32466.231200000002,113,269.30746796,20,0.5007809408775693,-0.4779503037958144,-0.02608920268641295,-0.03913352323687477,53.85396144805443,-84.23144959567007
14852.4992,8,260.51461151,10,-0.010541368743615935,-0.22906926002119568,0.21561796713629497,0.32342196531791906,52.251750945122296,-81.7273321085811
11098.0342,297,260.21040773,10,-0.09058859595340282,-0.16877604268078975,0.28107392863240566,0.42160189512772905,48.805890805148906,-83.52453146078096
13083.2562,64,274.76775491,20,-0.05009234136665223,-0.19465622158494789,0.20830533055074105,0.3124524698017438,52.5905750128273,-83.61453765521452
21439.8472,108,258.62615546,90,0.20872441226423527,-0.32897030953885026,0.1199267492866573,0.179888208677136,50.98020076337547,-82.30048747890922
15352.0412,209,266.32695452,10,0.026514697060587882,-0.2618939325025016,0.20048462470432124,0.30072259962788284,50.5732146301008,-80.47872505528481
17682.403700000003,179,280.09644808999997,20,0.13431045734342206,-0.2874170647076758,0.16672806694384507,0.250088809946714,50.509542185718395,-85.12669527684706
12085.7242,352,268.3743485,10,-0.14170533914592415,-0.15412933249982635,0.3079345088161209,0.4618926737115532,48.22716378313021,-81.84664184297687
20225.1882,224,267.27032804,20,0.20966084275436794,-0.2983576642335766,0.10296717936296476,0.15444889852369476,52.53243003167162,-87.11813888252172
10226.692200000001,373,272.70497983999996,10,-0.09772540422033434,-0.15049202578893792,0.26694380867859313,0.40040636166187904,48.96721564943715,-87.26981136740046
14239.166200000001,371,263.82496388,10,-0.0817568406673014,-0.20523114355231142,0.28980601484181745,0.43470194795684225,46.93240738727925,-84.3444106894608
13157.9022,144,267.71637965,10,0.008133796380917565,-0.253909875227718,0.24020466096653012,0.36030086690464047,54.80291530563954,-91.10023061563814
14399.1962,327,259.29266936,10,-0.03176942602145255,-0.185718901453958,0.21560833416144953,0.3234071448682489,50.41273035064789,-94.54387826038173
11938.2717,212,280.68947456,10,-0.12027040171189574,-0.19476342789226225,0.34641218066142726,0.5196080362418751,45.393559583225624,-77.05310731237338
15655.713200000002,136,269.29379588,20,0.15040986688726782,-0.27918328282022653,0.15467242620590352,0.23200529869980274,54.74585727997642,-90.44510043239546
10788.000199999999,262,262.33128913999997,10,-0.02622914837576822,-0.21676857358237708,0.2531378046150528,0.3796985184705958,50.684208188189345,-86.58025934763572
18920.288700000005,99,272.3563418,20,0.14968068121341138,-0.31593101510549765,0.1529146983319462,0.22936935880904935,51.49624394222192,-84.02411724849414
11081.1492,438,271.12927262,10,-0.060618266035645955,-0.1712498524725599,0.2609911054637865,0.3914783676753987,50.59349695001872,-91.48156550672869
25763.0542,107,269.0921327,90,0.360951642099819,-0.41440758293838864,0.033809061937092974,0.05071315372424723,56.03088544890659,-88.93245831339412
7621.340200000001,175,273.46036226,80,-0.0030211480362537764,0.02441642071371076,-0.004108463434675432,-0.0061624841658392965,45.50439042650605,-81.49092668466949
15737.203199999998,157,266.62432226,10,0.09199769717904432,-0.22536917586195607,0.12188980154685533,0.18283196186878906,52.43102685923471,-84.95425293912051
15698.4562,232,261.82200416,40,-0.0928853077318704,-0.11115448968209704,0.15764090644973852,0.23645792478319605,42.97877134540301,-80.23687592607351
28288.6262,123,271.71375404,90,0.5309517983851235,-0.49677114506221454,-0.04976334911005933,-0.07464440166987477,54.019129663003206,-86.46502851609603
13383.934200000002,309,264.94949246,10,0.03913573500357308,-0.20499443516972732,0.17535705804525561,0.26303112543465357,50.06333759365587,-86.52928934745782
12295.4152,375,268.62044593999997,10,-0.03502119116662949,-0.1620616173655506,0.23727118904783878,0.35589994039493167,49.235763833048,-93.75429703502232
23300.4162,122,267.79670312,20,0.34056318608474306,-0.3338868652239126,0.005329242197908676,0.007993782613522816,55.42714448476877,-90.36730873749988
22980.5382,148,258.98162954,20,0.33236780825807916,-0.3584215696976313,0.035768534509665204,0.053652243573070885,54.44771595321139,-88.57640355388597
19848.9122,464,272.41786616,10,0.22976715872774311,-0.2915850176361906,0.0671940415886013,0.10078989672360553,49.322821594737974,-91.21833953338802
13424.8897,460,269.34677519,10,-0.08866262948914176,-0.2218364014016395,0.3195883350172098,0.4793742936401932,47.488554560723024,-82.54678097343702
28588.905700000003,233,271.69324592,80,0.3992869662680196,-0.4326257109071457,0.040751376514575104,0.06112656467315716,45.19610971537959,-79.61029942567389
12173.4752,137,269.55698342,10,-0.0223292469352014,-0.1320670557186931,0.1799620316919143,0.26993781841427267,50.116627032153474,-84.55658508052365
11165.465199999997,374,258.96453944,10,0.017253143581245734,-0.16508633182890978,0.21688362236733988,0.3253183990312885,51.00434332531957,-89.77857379966703
10643.521700000001,180,269.14682102,80,0.0019154705340928878,-0.12559660019614252,0.15164893972840993,0.22746833749554052,46.03349509665438,-80.47895743487676
8437.8512,73,273.0399458,80,-0.05339613005731147,0.04804380963134421,0.02113486344092533,0.031701335271141794,44.04928109941397,-76.47849916292391
12582.4422,515,261.48362018,10,-0.09544950055493896,-0.18851700866705492,0.2961240310077519,0.4441777495517035,47.842759893343775,-83.73402566877948
20662.668700000002,239,270.77550755,50,0.1273649418737178,-0.21268910911451305,0.07150482680295286,0.10725602207811381,42.99975940767242,-81.27363329594013
13536.5922,295,270.20640722,10,-0.15294428772919605,-0.19100637100265974,0.3412977604402494,0.5119377253017083,48.4452180838528,-79.62831728705657
12071.405200000001,282,267.24298388,10,-0.13525193988802672,-0.19138069751985168,0.3113857764429556,0.4670696725256531,48.98309990923979,-80.49713361847158
21525.425199999998,365,263.64380882,80,0.3630126057124621,-0.41893976885680184,0.0581594772376962,0.08723826891139405,48.392957828771536,-91.89226788715196
11408.772200000001,284,273.38174779999997,80,0.17204301075268819,-0.13408939292861907,0.02058319039451115,0.030874123625136682,52.93969678441523,-92.06110089509824
21219.8402,483,269.32455806,30,0.24798040187815334,-0.3173250026474637,0.06229718189581554,0.09344477535466103,48.60031518839603,-90.03513520758403
23855.5852,434,258.55095902,10,0.3407199956495731,-0.39327895105595034,0.050941829300517154,0.07641202283772944,48.252180512761484,-90.8274255319206
13023.804199999999,473,269.73813848,10,-0.03074462413364137,-0.195952034379982,0.23084605507205022,0.3462629072815794,49.12303112466287,-90.99120711688884
11913.7367,418,269.72104838,10,-0.03745166801546623,-0.14131547120662388,0.1715049656226127,0.2572525352838945,50.77931765073731,-92.5118453473444
13256.6037,228,272.95278629,20,0.10533579633522305,-0.21614733513161566,0.13893970278227843,0.20840592334494773,53.67778696836202,-90.15283860711152
13791.395700000001,431,264.2214542,10,-0.04219937802349689,-0.21634919861645638,0.25519899455383327,0.38279207721697167,48.25510303712342,-85.8456787064041
11329.723199999999,396,272.34266972,10,-0.1245928338762215,-0.16785297329868565,0.3005913685358386,0.45087759766812757,48.60554354481881,-84.53205605200831
23594.706199999997,61,270.0320882,20,0.36993648553281583,-0.4023136246786632,0.033062416160340884,0.04959313507915372,54.95153056661332,-85.13561233862545
14451.925200000001,161,277.34323298000004,10,-0.12268153715601891,-0.1802732127577966,0.27306866099132787,0.4095964739203768,44.16458714542007,-77.71206084014548
26973.0932,104,270.78063457999997,20,0.40691910932192726,-0.4097112663711717,0.012773459988485895,0.019160017630814347,55.38946182787787,-86.79729999868722
11509.4292,131,267.26691002,10,-0.10193757755082562,-0.12302024383759352,0.25357188281680587,0.3803497615262321,50.88728366313503,-82.77381804142499
11653.4677,258,277.67990795000003,10,-0.12860839635203378,-0.19200676295483568,0.3441778390767296,0.5162562875223106,46.497199605053744,-80.02424586720609
19798.2747,382,273.93717605,10,0.279205423301277,-0.329156456795739,0.04666828428483945,0.07000161759948237,52.37332643112106,-92.24332513536187
10768.4052,284,271.53259898,80,-0.002476123098691192,-0.13601323984147032,0.16774857859157452,0.25161723559037497,47.45792452857321,-80.00118787479448
14276.825200000001,242,268.49739722,10,-0.1095292766934558,-0.22110199296600233,0.3266043653383854,0.48989874868659855,42.781484297571104,-80.68552018869677
16339.821199999998,348,270.37218119,10,0.07724160476562358,-0.22659603616768656,0.13694725851511133,0.2054179894179894,49.651556224124896,-86.25134880317309
12719.028199999999,248,280.08790304,10,-0.11632462686567165,-0.20978605388272584,0.31805755395683455,0.4770777504001727,45.9191345271016,-77.71324281137719
33738.078199999996,36,265.35452783,90,0.44650049732625585,-0.4166078472078057,-0.02426538929005505,-0.036397823708988995,54.70904324264614,-83.15890179118193
14837.067200000001,480,265.08963128,10,-0.023928177426104157,-0.17377290726586242,0.20903025895595537,0.31354043158643585,49.02262198652377,-90.76239709034824
15294.386199999999,392,265.87235785999997,10,-0.03825956489122281,-0.2408337663837404,0.24938228539868026,0.374067991221313,46.765264479866616,-83.56619724521197
11417.278199999999,381,274.099532,10,-0.05046467953965426,-0.15205814902631476,0.23285221080653884,0.34927105213900966,49.53476039598255,-92.48195240097418
14583.8172,323,263.61646466,10,0.09289746930395988,-0.22001561598261873,0.14598214285714287,0.21896972305926243,50.69440994427527,-87.38064847538807
11692.042199999998,295,276.70406324,10,-0.09825858546551221,-0.1726639794796629,0.302270692601937,0.4533968137703717,48.526899670934974,-85.93647081627651
13080.0942,157,282.24125563999996,10,-0.14277841561423651,-0.21317902991209764,0.36022973020881344,0.5403350172826376,45.750556444357414,-77.13981352932379
15301.8492,18,276.34175312,30,0.11957800770947453,-0.2982308612827064,0.16645356271068232,0.24967671630948057,51.208022208327556,-80.22356444025776
27511.9252,97,257.89128116,100,0.3710563998337106,-0.3558367829686576,-0.013748128774713078,-0.020622015743966965,53.658953159252256,-84.86706982997866
12891.624699999998,387,275.93329973,10,0.02910402616897811,-0.23317584187149404,0.19605251866472154,0.2940737308207188,48.20444692602955,-91.73591716560578
13253.8062,283,285.90195506,10,-0.1681541044446408,-0.19272105520273572,0.37976829612884994,0.5696423841059604,48.421200288910036,-81.04800136781539
11087.194199999998,244,266.41582303999996,10,-0.04823606822898213,-0.17758716543562864,0.25567411924119243,0.38350305930175943,49.41805140260751,-83.01342534747072
14900.908199999998,396,265.06570514,10,-0.13322999102553643,-0.2289758534554538,0.35214364235983875,0.5282073988121593,43.878608545356556,-80.06067415147831
25419.624200000006,166,269.3826644,80,0.43490496832277425,-0.4372692256607783,0.006688807643288401,0.010033118127523397,54.66591773055161,-91.99758951734931
12142.068200000002,52,273.928631,10,-0.021564579031888048,-0.1411764705882353,0.18373144480454529,0.2755916538299958,53.996536361324075,-83.06569418741994
16610.070200000002,237,278.30711462,40,-0.09863215555626742,-0.06565684084345884,0.13173046321210544,0.19759283637363118,44.44144044380535,-81.26761916496206
13191.3482,484,271.37195204,10,-0.07148635415336144,-0.16552821805159493,0.21790651744568795,0.32685411361155864,48.96543132547671,-89.48057326196775
11042.933700000001,190,273.25869908,80,-0.09871068618152923,-0.16361294854533748,0.2846064366033346,0.4269004588242897,46.03732764331411,-80.28562419101031
7965.747200000001,73,277.97043965,80,-0.009173166926677067,0.007915238392022437,0.021628907002117965,0.03244231941725764,44.24632625017175,-76.18805307379075
20481.872700000004,320,269.3826644,40,0.005028376510718382,-0.21288746728700203,0.1786553937969075,0.2679800617137432,43.01455865605328,-80.77531888122901
13466.3642,266,259.45673432,10,-0.06376728815633798,-0.14968692929819985,0.22707970762269405,0.34061363359496005,49.16633057233939,-81.41426895059918
22003.789700000005,295,272.93398718000003,30,0.19757159094059268,-0.271147817547747,0.07538769597818677,0.11308033954989402,49.79014974472333,-89.21873840999635
15485.7622,319,279.37524586999996,10,-0.0216677854851943,-0.2051356448571014,0.20363393995595225,0.305446484199545,48.19119478094859,-79.84993883667744
13717.733199999999,170,283.97419177999996,10,-0.18856082036775107,-0.21182987953219803,0.39285112690765756,0.5892667643640406,45.316772414805804,-76.46021888693271
13811.1562,354,269.20492736,10,0.03284319401026591,-0.10525564124535847,0.133711774400293,0.20056398893995714,52.06898756809018,-95.04928331672654
11856.8082,179,262.37572339999997,80,-0.055284826079650476,-0.013044161559013044,0.05737133483698995,0.08605523774374116,47.427552252886024,-86.00183474133155
23463.4552,216,270.81994181,80,0.4340962221131923,-0.4567217111825335,0.01872717232292504,0.028090486339856613,54.26927985731729,-91.18207137990389
15804.8172,394,277.57907636,10,-0.1001506564315948,-0.1744502166832656,0.2802065606478493,0.42030367490647697,50.72994590077017,-91.29708092981507
11842.633199999998,309,274.56438272,10,-0.07790681273214538,-0.16532566352350092,0.26234421833096705,0.39350856782284627,49.44951959184405,-85.22144401094886
17697.843200000003,304,272.9203151,10,0.1590694538098449,-0.24898377043750564,0.13784117405019888,0.20675892526504916,53.13670517711733,-91.24678675318422
8875.6332,172,271.38904214,80,0.033048980283599795,-0.019196607644261073,0.031969828836669566,0.047953352093063735,42.11775430967499,-81.57764558392451
26789.040200000003,96,260.9230649,20,0.41975308641975306,-0.44212962962962965,0.022988505747126436,0.0344824574428131,50.83540509882655,-82.18965172324246
11253.3252,189,273.63126325999997,10,-0.0725627101111973,-0.19304253083777578,0.28467275622224086,0.42700018854880273,54.241984698772725,-89.99285303316856
16178.715699999999,383,259.05340796,10,0.12414934706639691,-0.23706682474325905,0.11211291948725335,0.168166957122899,51.475536438750524,-90.88689876217991
8063.593199999999,175,274.55071064,80,-0.007130650008839649,0.0727512397212981,-0.0012170385395537525,-0.0018254960954666847,43.25987592215208,-81.98316207634272
13256.683200000001,313,266.93707109,10,0.05191758030800734,-0.21765761960080263,0.18710961630860046,0.2806596084218474,52.82748613111755,-90.23037475360654
14634.1767,312,267.47199122,10,0.07371518242448019,-0.22659154560492653,0.16465538691216722,0.2469792395614649,49.10162199685293,-86.75159380604342
13661.929199999999,434,264.74099323999997,10,-0.017325777425710398,-0.15343790142654318,0.17371263458429362,0.2605644703575667,48.37073520276043,-91.41879425065846
21527.6562,272,272.69472578,80,0.3663819035013837,-0.3885631349782293,0.02331750310186968,0.03497588054720674,53.06778040578366,-92.77878754697528
18149.9477,384,270.58580744,30,0.062095836812206345,-0.21154401948775822,0.17202540240444142,0.25803466822877835,49.7564976766456,-89.46843162039167
20149.0412,316,262.78930382,10,0.2223294022466316,-0.3087922117432309,0.09450457951706911,0.1417552299561713,50.528663288527675,-87.25795979617538
12210.599199999999,278,274.18669151,10,-0.10533023806272475,-0.16767780634104543,0.31718444912714827,0.4757674760284565,46.61578390805325,-81.14878473966627
11277.5962,288,269.78940878000003,10,-0.04685331418999761,-0.13260369577286066,0.21628412042754333,0.32441927310664936,52.049306060256406,-88.1607057257317
11637.1367,292,271.59583235,10,-0.027378964941569283,-0.1773512842547503,0.24013356398599991,0.36019310067384086,53.24167664063918,-93.7489323314117
11584.933200000001,354,265.0588691,10,-0.1111837497081485,-0.10876404494382022,0.22419104724490851,0.33627961791341027,51.451003601418094,-95.13535006158905
11212.0642,389,262.82690204,10,0.05567905702321253,-0.2364989132252132,0.20418464544492387,0.3062707345368693,51.296825396891705,-90.46178432523263
10296.8757,242,270.97375271,10,-0.05914809092915471,-0.16963339461446955,0.249809332316439,0.37470533857175875,54.11239870248604,-92.03890641869926
12670.412699999999,343,263.37549425,10,-0.06613974899031572,-0.13824876704635203,0.1894360385144429,0.2841488464218905,50.24826143487942,-94.90271364884977
14739.4587,63,263.55835832,20,0.06872954477833979,-0.21379171760135304,0.14878914669709647,0.223180182893006,51.706811421862156,-83.12502852668345
16486.3782,197,277.0902995,10,-0.06176450581593089,-0.15563128854268093,0.20534883064857393,0.3080189011919035,42.0521909334367,-82.69849084582295
23638.6857,115,262.01512229,20,0.3569821346273755,-0.36000971358417766,0.013043915184403577,0.01956567615640482,53.845923927222486,-85.9092611094989
11246.523199999998,284,278.94628436,10,-0.06497732202721357,-0.16164085846237436,0.254852639081038,0.38227094556354413,48.80188112337966,-80.04535210162663
26594.678200000006,116,269.62021679,20,0.38832920583780145,-0.367840369753746,-0.017675979049369607,-0.026513731998500992,54.09456346327791,-83.89557554347755
13795.860200000001,281,272.67592666999997,10,0.12241318835496318,-0.24346341289886522,0.17448424165042672,0.2617219655606888,50.11741683119782,-80.12046052732657
19389.3882,360,266.25688511,10,0.16665148617056805,-0.22020511946362112,0.04228599162773767,0.06342821782178218,50.689220430533545,-95.02994856769205
13349.1242,306,270.70885616,10,-0.09165477888730385,-0.19653520572216024,0.25010283833813246,0.37514782757734166,47.975081789731114,-80.36704801610989
14524.694200000002,334,272.52895180999997,80,0.23408926167546856,-0.3036716249293918,0.07285855956365439,0.10928614593179106,48.80432187745432,-92.85182414981188
33490.3632,62,268.36580345,80,0.594077153979147,-0.5687012577198756,-0.038290404598717666,-0.05743521007067992,54.34861957511988,-83.36259717753134
10618.8052,287,266.59014206,10,-0.08433734939759036,-0.16753079762744202,0.27257109272571095,0.4088473970930627,50.83767377228436,-86.8780515905068
10219.5892,172,261.06320372,80,0.05087335132657738,-0.04224049331963001,0.0067757067335136876,0.01016330785267547,42.576355046245624,-80.11293089856062
30891.4592,13,267.54718765999996,90,0.5144369248062197,-0.514630149812734,-0.0011731834951606182,-0.0017597616603505632,55.94785542369603,-87.57861896932712
7927.6372,172,273.08608907,80,0.024006772691540182,0.028484037468935193,-0.002942907592701589,-0.004414217048687179,42.2860434914446,-81.58600000413536
16019.269699999999,181,272.46400943,10,0.08895633901470931,-0.2889401831407268,0.19693145121486894,0.2953930112530671,54.680350292637755,-91.54485180308723
19788.9362,4,265.73221904,90,0.21947977976077462,-0.2969845522430599,0.08484516175173433,0.12726622563919185,54.501095013845095,-82.40808807682842
22001.4577,131,271.01305994,20,0.3104969126727433,-0.3633340120817213,0.057180151161077074,0.08576932388761987,55.6129516214696,-90.6743249531749
14120.7882,102,275.03777849,10,-0.0306200953992922,-0.1303557517527915,0.16753277232038086,0.2512949459391501,43.59821565892393,-79.54924072439819
11332.5332,287,276.92965256,10,-0.05065912419819183,-0.17840357044117067,0.23749481542928247,0.356234835445138,53.204216149364036,-92.40562204615352
12542.7062,322,253.64610032000002,10,-0.12922145492384826,-0.18435257943286643,0.3112187003555488,0.4668192219679634,48.747056520489615,-82.53769949934912
13352.1502,431,261.29050205,10,-0.14856218800534346,-0.24767431150409874,0.4209339324114058,0.6313898601398601,47.7190334340578,-84.3415273352644
13603.219200000001,288,277.65769081999997,10,-0.09204354367643154,-0.21699400323634863,0.3278404763553278,0.49175220258598307,49.557695436522216,-84.4989938775504
13901.2432,143,286.31211745999997,10,-0.16009673518742443,-0.16605337119346333,0.3419139713237746,0.5128624064287024,44.3803999082375,-76.93084727717029
11867.078199999998,425,276.30757292,10,-0.016458806620612918,-0.14332603938730853,0.20045950603101664,0.3006830909351987,49.566712382383706,-91.78598940089658
10780.855200000002,263,280.4057789,80,0.19386921635516263,-0.1261003177248815,-0.09942933311117591,-0.14914089347079038,48.63126425452964,-79.71605801085374
16662.857200000002,276,282.58647566,40,-0.04664847628127158,-0.16700243321734126,0.1977765246112946,0.29666080371648385,44.17461028565621,-81.47835150459923
22210.4832,165,268.13850512,30,0.30441215636374397,-0.3752558139534884,0.07817969661610269,0.11726832317549617,53.43227818461655,-87.1585601440367
9963.651699999999,40,268.73836762999997,10,-0.076144672096967,-0.13180972032206698,0.22437888198757763,0.3365601572166824,50.87992137727161,-80.06680483070787
22451.7912,60,261.49045622,90,0.3597935753218138,-0.3846796890238805,0.027012503875167924,0.040518337105124466,51.81247116220033,-82.67027367468295
8621.8092,174,291.4118033,80,0.0422871467366976,-0.04488095238095238,0.0027132779253420157,0.004069800651168104,47.11763085021996,-79.45162240670318
13997.884199999999,71,273.1424864,90,0.10584422599114184,-0.27608885779254855,0.17349761935400848,0.26024224291849635,53.38513007279459,-83.36516687785095
27588.096200000004,390,261.51096434,10,0.35511722756219144,-0.3749595450552499,0.00025225770647293276,0.0003783833780386287,51.383479393366486,-89.68982795935536
15354.4657,40,270.76354448,90,0.18560167157374868,-0.24021336546811037,0.05025887296465821,0.07538717810192688,53.0547467262511,-83.03070961768138
11749.618199999999,225,258.54412298,10,-0.10361666412330231,-0.2165246280514228,0.35141206675224645,0.5271075275287321,49.53761115797198,-81.98468595037117
13394.147700000001,404,260.11128515,10,-0.0794814717821134,-0.2099790771589657,0.3056096510124946,0.45840657636232035,48.81157955095064,-85.31668216502327
12111.915199999998,440,269.57749154,10,-0.11868185122364915,-0.1916234766774058,0.31970757625705365,0.4795520651541594,47.25314185469753,-82.34861892269292
22966.4532,220,262.8713363,10,0.3071406120524616,-0.3801794432657652,0.07258641239570918,0.10887853716192727,51.20886104616467,-86.50713491864609
12171.3052,479,260.92819193,10,-0.03061201772157535,-0.12893271112449195,0.15476854970647677,0.23214835630148586,49.117595548640345,-90.50882604108321
13342.8982,240,264.80935364,10,-0.10406439343682279,-0.22597048245070073,0.36457758144671454,0.5468569357927977,46.40036306228406,-83.3919219602349
30135.7007,122,266.59868711,20,0.4744661911931163,-0.44238056925642194,-0.032157108207495504,-0.04823528491287918,54.30384729413242,-86.04234267299371
15185.063199999999,91,282.73174151,10,-0.1807424510263718,-0.13732570705606367,0.3065358586546759,0.4597968267425665,44.95066694965338,-75.50518128424861
7827.4907,175,274.98479918,80,-0.0208546571136131,0.02759264625390386,0.015329792240973576,0.02299391535280869,44.876402800585645,-82.15962590500578
15676.874199999998,111,280.00587056,30,-0.19011769695684444,-0.150169097975872,0.34339533649736165,0.515085412766961,44.34427077197291,-76.4620929770662
18664.673700000003,375,262.97558591,30,0.09759441198550772,-0.24820187901942922,0.15084429178523523,0.22626360126360123,49.45533147232981,-86.97411147075572
12475.5172,290,272.64687349999997,10,0.0013952190493907544,-0.2260947918543882,0.27122571001494766,0.406830963547019,53.214791896813885,-90.8542270200237
14834.429699999999,210,271.05236717,20,0.10847997543704783,-0.23967726625533933,0.1606398627114489,0.24095610204550677,54.472567678580326,-91.97630180282513
30167.4777,249,264.75979235,90,0.37199425127094105,-0.37620249928089744,0.002141128281511823,0.003211667507078856,51.26355626489751,-87.17340235256
21609.1492,144,269.74497452,20,0.2922116527942925,-0.331836677423881,0.0385574861044247,0.05783559635436611,55.80887991935315,-90.2003730015151
